epoch,time,train/box_loss,train/seg_loss,train/cls_loss,train/dfl_loss,metrics/precision(B),metrics/recall(B),metrics/mAP50(B),metrics/mAP50-95(B),metrics/precision(M),metrics/recall(M),metrics/mAP50(M),metrics/mAP50-95(M),val/box_loss,val/seg_loss,val/cls_loss,val/dfl_loss,lr/pg0,lr/pg1,lr/pg2
1,9.94488,1.30343,3.0273,3.74677,1.30426,0.00775,0.33062,0.08086,0.05773,0.00718,0.31173,0.08018,0.05467,0.97578,2.23815,3.68073,1.1492,7.777e-05,7.777e-05,7.777e-05
2,14.3431,1.03867,2.03922,3.27835,1.13884,0.01964,0.46897,0.30024,0.24269,0.01859,0.44406,0.29051,0.25332,0.83047,1.60106,3.43025,0.97439,0.000165,0.000165,0.000165
3,18.3457,0.97226,1.54051,2.39296,1.0806,0.02639,0.49548,0.32178,0.27337,0.02627,0.50187,0.31408,0.26231,0.80191,1.56898,3.13881,0.94904,0.000250471,0.000250471,0.000250471
4,23.8633,0.93034,1.38959,1.87933,1.05863,0.9599,0.21306,0.40525,0.33352,0.9599,0.21306,0.39127,0.30397,0.83833,1.36342,2.82387,0.94248,0.000334181,0.000334181,0.000334181
5,28.0931,0.88317,1.21165,1.50493,1.0189,0.92114,0.3365,0.44658,0.39109,0.91553,0.33004,0.43591,0.35728,0.80374,1.18739,2.57868,0.93499,0.000416132,0.000416132,0.000416132
6,32.4888,0.81196,1.10881,1.25753,0.99533,0.93197,0.38815,0.46325,0.39677,0.91904,0.3841,0.4594,0.37181,0.82003,1.14441,2.11543,0.94783,0.000496323,0.000496323,0.000496323
7,37.4838,0.80027,1.06255,1.12805,0.98161,0.91349,0.36269,0.45884,0.37495,0.92316,0.3635,0.46295,0.37049,0.8361,1.16459,2.21538,0.95878,0.000574754,0.000574754,0.000574754
8,42.3802,0.78019,1.01991,1.0438,0.97918,0.95575,0.3664,0.46343,0.39197,0.96003,0.36786,0.46277,0.37774,0.80763,1.07574,1.93806,0.97792,0.000651425,0.000651425,0.000651425
9,46.6181,0.78345,1.06095,0.99759,0.98109,0.91708,0.38834,0.52178,0.4388,0.93032,0.38926,0.52556,0.40494,0.79668,1.06981,1.88947,0.95678,0.000726336,0.000726336,0.000726336
10,51.9829,0.72013,0.92231,0.89495,0.95672,0.91777,0.39695,0.62177,0.49967,0.92059,0.39841,0.60258,0.46118,0.79594,1.06977,1.79174,0.94182,0.000799488,0.000799488,0.000799488
11,56.4191,0.71521,0.93695,0.88782,0.94724,0.90023,0.47955,0.72856,0.59177,0.89849,0.47679,0.7089,0.56177,0.76367,0.99205,1.59784,0.93375,0.00087088,0.00087088,0.00087088
12,60.3864,0.73351,0.93428,0.87255,0.95947,0.88082,0.53499,0.76034,0.60269,0.78852,0.49981,0.6998,0.55219,0.78821,0.99071,1.54908,0.96765,0.000940511,0.000940511,0.000940511
13,65.599,0.70687,0.90597,0.8383,0.94099,0.79696,0.64286,0.7965,0.62703,0.77793,0.6326,0.7803,0.57113,0.78417,0.89616,1.37319,0.96751,0.000979013,0.000979013,0.000979013
14,70.2588,0.7004,0.86963,0.81805,0.94748,0.84339,0.70813,0.79179,0.64983,0.84429,0.71029,0.79615,0.63356,0.71537,0.87413,1.24757,0.93749,0.000968014,0.000968014,0.000968014
15,74.2202,0.68413,0.86627,0.79024,0.93267,0.8809,0.7146,0.81543,0.61719,0.87585,0.70983,0.80918,0.6017,0.75232,0.79477,1.16048,0.94964,0.000957015,0.000957015,0.000957015
16,79.9222,0.70724,0.90046,0.79644,0.94136,0.89527,0.70757,0.81893,0.64205,0.86961,0.65965,0.77742,0.61365,0.73921,0.8513,1.06917,0.94212,0.000946016,0.000946016,0.000946016
17,84.3361,0.65289,0.8249,0.75044,0.93617,0.89624,0.72498,0.82694,0.67465,0.8795,0.71106,0.81549,0.64107,0.68954,0.87079,0.96604,0.91152,0.000935018,0.000935018,0.000935018
18,88.4005,0.63312,0.80197,0.73043,0.92092,0.86546,0.7803,0.84979,0.7033,0.85234,0.76401,0.8339,0.66792,0.64315,0.82331,0.80625,0.90017,0.000924019,0.000924019,0.000924019
19,93.7647,0.6384,0.78847,0.72138,0.9204,0.93563,0.75593,0.85174,0.71987,0.93825,0.75721,0.83703,0.66947,0.60876,0.76546,0.79151,0.88252,0.00091302,0.00091302,0.00091302
20,98.1149,0.62072,0.78718,0.70937,0.91637,0.94312,0.75175,0.86043,0.71782,0.9529,0.74973,0.85786,0.67493,0.63619,0.70952,0.81774,0.89138,0.000902021,0.000902021,0.000902021
21,102.491,0.62685,0.82981,0.70338,0.91131,0.9088,0.81707,0.86191,0.71715,0.91812,0.82382,0.87255,0.68172,0.60535,0.73516,0.71702,0.8711,0.000891022,0.000891022,0.000891022
22,107.085,0.62089,0.79717,0.6964,0.9139,0.9716,0.7943,0.87169,0.72122,0.95141,0.78828,0.87374,0.67985,0.60334,0.73691,0.70172,0.88997,0.000880023,0.000880023,0.000880023
23,112.116,0.60823,0.74419,0.69122,0.91458,0.88954,0.80254,0.85908,0.7123,0.88987,0.80432,0.86733,0.68557,0.63587,0.76721,0.72268,0.90679,0.000869024,0.000869024,0.000869024
24,116.144,0.59538,0.71963,0.6537,0.91161,0.89007,0.81163,0.86905,0.73501,0.8824,0.79964,0.86213,0.69533,0.57648,0.76124,0.65247,0.88442,0.000858025,0.000858025,0.000858025
25,121.109,0.59807,0.72521,0.66519,0.91255,0.88418,0.80615,0.87314,0.75131,0.88956,0.80673,0.87862,0.70268,0.58124,0.78777,0.65877,0.87973,0.000847026,0.000847026,0.000847026
26,126.263,0.59352,0.74964,0.65112,0.90434,0.91863,0.8299,0.8765,0.76344,0.92562,0.83503,0.88773,0.70794,0.52315,0.70646,0.60281,0.86416,0.000836027,0.000836027,0.000836027
27,130.516,0.58038,0.73691,0.64901,0.89657,0.94479,0.83814,0.883,0.74193,0.94633,0.8396,0.88935,0.72282,0.59197,0.67394,0.61148,0.88816,0.000825029,0.000825029,0.000825029
28,135.21,0.58566,0.73085,0.6344,0.90756,0.92376,0.84423,0.8825,0.7472,0.92836,0.8462,0.89206,0.7118,0.56452,0.6533,0.60374,0.88115,0.00081403,0.00081403,0.00081403
29,140.807,0.57545,0.70519,0.6449,0.90171,0.93451,0.86377,0.88682,0.75226,0.9461,0.87282,0.90005,0.73634,0.55959,0.66045,0.59912,0.8854,0.000803031,0.000803031,0.000803031
30,145.167,0.58555,0.71786,0.63282,0.89913,0.97885,0.84451,0.89149,0.74143,0.98723,0.85426,0.90262,0.7254,0.56709,0.70489,0.60645,0.88996,0.000792032,0.000792032,0.000792032
31,149.964,0.56221,0.6973,0.61025,0.90316,0.96446,0.84737,0.89212,0.74083,0.95006,0.83498,0.88809,0.68803,0.56838,0.67939,0.57469,0.896,0.000781033,0.000781033,0.000781033
32,154.902,0.54586,0.67397,0.59378,0.89854,0.96632,0.85118,0.89118,0.74404,0.96082,0.84638,0.89666,0.71792,0.55055,0.71331,0.5619,0.89035,0.000770034,0.000770034,0.000770034
33,159.01,0.56046,0.67702,0.60696,0.89704,0.96033,0.8277,0.88572,0.75158,0.97406,0.83961,0.90107,0.71092,0.55887,0.69998,0.57213,0.88818,0.000759035,0.000759035,0.000759035
34,163.963,0.57072,0.73808,0.60593,0.89672,0.93345,0.84338,0.88641,0.75691,0.93053,0.85846,0.89868,0.71766,0.55858,0.70917,0.59089,0.87976,0.000748036,0.000748036,0.000748036
35,168.735,0.56226,0.67826,0.60327,0.88611,0.95333,0.85635,0.89365,0.76248,0.95004,0.8547,0.89932,0.71926,0.53908,0.66039,0.55808,0.87322,0.000737037,0.000737037,0.000737037
36,172.74,0.5732,0.6682,0.58739,0.91161,0.93329,0.83115,0.88326,0.75978,0.94399,0.83989,0.89928,0.71443,0.55003,0.74127,0.53216,0.87166,0.000726038,0.000726038,0.000726038
37,177.412,0.56468,0.68655,0.57909,0.89824,0.93954,0.84548,0.8853,0.7705,0.92427,0.81808,0.86561,0.69355,0.52543,0.7153,0.51923,0.86338,0.00071504,0.00071504,0.00071504
38,182.141,0.52513,0.65512,0.56347,0.8851,0.94418,0.84552,0.88809,0.76002,0.96126,0.8527,0.89983,0.71174,0.52161,0.74423,0.53008,0.85743,0.000704041,0.000704041,0.000704041
39,186.562,0.53307,0.68357,0.56265,0.88706,0.94428,0.84443,0.89409,0.76861,0.95547,0.85489,0.90575,0.73367,0.51523,0.6683,0.53207,0.86208,0.000693042,0.000693042,0.000693042
40,190.708,0.51444,0.63246,0.55228,0.88815,0.95321,0.84765,0.8929,0.76883,0.94135,0.8414,0.89226,0.70668,0.53108,0.6648,0.53837,0.8651,0.000682043,0.000682043,0.000682043
41,195.973,0.52325,0.6342,0.56246,0.88204,0.97028,0.83851,0.89382,0.76563,0.98455,0.8208,0.89097,0.71241,0.54715,0.68565,0.54163,0.87842,0.000671044,0.000671044,0.000671044
42,200.592,0.54129,0.66332,0.56569,0.88638,0.96926,0.84302,0.89452,0.75673,0.97358,0.84786,0.90545,0.71204,0.54327,0.70406,0.52919,0.87951,0.000660045,0.000660045,0.000660045
43,204.58,0.51947,0.61264,0.54606,0.88464,0.94249,0.8551,0.89503,0.75141,0.94854,0.85975,0.90582,0.7114,0.51445,0.68103,0.52468,0.87607,0.000649046,0.000649046,0.000649046
44,209.907,0.51443,0.64949,0.54934,0.89461,0.94331,0.84381,0.89733,0.75981,0.93917,0.85196,0.89697,0.71384,0.52937,0.67598,0.52725,0.88073,0.000638047,0.000638047,0.000638047
45,214.152,0.51394,0.64295,0.53602,0.8733,0.9479,0.8521,0.89988,0.77624,0.95,0.85517,0.89903,0.71305,0.51545,0.71645,0.5128,0.87847,0.000627048,0.000627048,0.000627048
46,218.3,0.51628,0.6291,0.54085,0.88449,0.97354,0.86088,0.9049,0.77317,0.97939,0.8649,0.91205,0.72784,0.5154,0.68153,0.49801,0.86362,0.000616049,0.000616049,0.000616049
47,223.647,0.52766,0.64299,0.5413,0.88743,0.94826,0.86885,0.90365,0.76917,0.9491,0.869,0.90742,0.70591,0.5079,0.69588,0.4984,0.85358,0.000605051,0.000605051,0.000605051
48,227.887,0.50117,0.61953,0.53456,0.87515,0.93006,0.87784,0.90366,0.77134,0.93362,0.85634,0.89321,0.70379,0.48407,0.69969,0.48627,0.85288,0.000594052,0.000594052,0.000594052
49,232.164,0.47871,0.60331,0.51617,0.87885,0.9436,0.88402,0.90555,0.77945,0.92772,0.8785,0.90065,0.71147,0.49486,0.67369,0.48911,0.85707,0.000583053,0.000583053,0.000583053
50,237.697,0.49381,0.61726,0.52676,0.87507,0.94462,0.89145,0.90618,0.77256,0.94787,0.89464,0.91532,0.72653,0.49765,0.71059,0.48604,0.86123,0.000572054,0.000572054,0.000572054
51,241.906,0.50578,0.64926,0.5136,0.87128,0.94438,0.89113,0.90607,0.77644,0.90303,0.85867,0.87122,0.69077,0.48317,0.64628,0.4768,0.85954,0.000561055,0.000561055,0.000561055
52,245.954,0.50162,0.64409,0.51713,0.86814,0.95003,0.86725,0.90251,0.77944,0.90043,0.86038,0.88313,0.71548,0.4672,0.61829,0.4751,0.85296,0.000550056,0.000550056,0.000550056
53,250.656,0.47333,0.57564,0.4982,0.86225,0.94416,0.86446,0.90382,0.78843,0.93096,0.86858,0.90055,0.73713,0.4633,0.59907,0.45382,0.85279,0.000539057,0.000539057,0.000539057
54,255.626,0.48367,0.59558,0.50323,0.86922,0.96098,0.85912,0.90513,0.79192,0.9673,0.85405,0.9033,0.73859,0.48733,0.60578,0.46915,0.86165,0.000528058,0.000528058,0.000528058
55,259.745,0.47827,0.6002,0.49439,0.86762,0.97373,0.86227,0.91029,0.78943,0.98701,0.82378,0.89146,0.72284,0.49567,0.6204,0.47176,0.86259,0.000517059,0.000517059,0.000517059
56,265.194,0.48644,0.5894,0.49569,0.86877,0.93559,0.87489,0.9072,0.77983,0.99127,0.82926,0.89363,0.71446,0.48037,0.61961,0.44881,0.86402,0.00050606,0.00050606,0.00050606
57,269.673,0.48681,0.59805,0.50155,0.86891,0.95051,0.87502,0.90661,0.7909,0.95163,0.87685,0.90519,0.74651,0.46467,0.60995,0.43675,0.84769,0.000495062,0.000495062,0.000495062
58,273.872,0.47402,0.58154,0.48931,0.85973,0.97203,0.86366,0.90899,0.79461,0.98469,0.85298,0.90743,0.73662,0.4454,0.61872,0.44139,0.84122,0.000484063,0.000484063,0.000484063
59,278.742,0.46813,0.55859,0.48626,0.86879,0.93037,0.89272,0.90604,0.78516,0.98712,0.84677,0.90567,0.7288,0.46237,0.63079,0.45308,0.84328,0.000473064,0.000473064,0.000473064
60,284.062,0.47791,0.57789,0.48841,0.86765,0.95227,0.87041,0.90792,0.78542,0.96035,0.87871,0.91797,0.73253,0.45248,0.68361,0.45592,0.8404,0.000462065,0.000462065,0.000462065
61,288.082,0.47135,0.60247,0.49129,0.87368,0.96728,0.8786,0.90392,0.78431,0.97387,0.88462,0.91749,0.72751,0.45482,0.65695,0.46308,0.84095,0.000451066,0.000451066,0.000451066
62,292.954,0.44768,0.53682,0.47579,0.86577,0.97094,0.87245,0.90457,0.78599,0.96109,0.86464,0.89731,0.71791,0.45958,0.62917,0.46226,0.84321,0.000440067,0.000440067,0.000440067
63,297.551,0.47221,0.58312,0.4936,0.87554,0.95939,0.88274,0.9103,0.79073,0.97112,0.85027,0.89442,0.71657,0.46588,0.6161,0.44133,0.85273,0.000429068,0.000429068,0.000429068
64,301.634,0.45989,0.57765,0.47639,0.86818,0.96616,0.87985,0.90618,0.79764,0.96072,0.87296,0.90309,0.72593,0.45613,0.60569,0.43003,0.8565,0.000418069,0.000418069,0.000418069
65,306.18,0.43879,0.53624,0.46826,0.85947,0.9437,0.88622,0.90541,0.78972,0.95454,0.89783,0.91736,0.73221,0.46171,0.63206,0.43177,0.85851,0.00040707,0.00040707,0.00040707
66,311.117,0.46091,0.55493,0.47067,0.86317,0.93037,0.88391,0.89736,0.78891,0.9468,0.90017,0.91611,0.7303,0.46812,0.62349,0.43533,0.85905,0.000396071,0.000396071,0.000396071
67,315.339,0.46028,0.58526,0.46733,0.85969,0.93469,0.88203,0.89914,0.79524,0.9427,0.89458,0.91338,0.73656,0.45601,0.61939,0.43041,0.85742,0.000385073,0.000385073,0.000385073
68,319.442,0.45317,0.57935,0.46712,0.8646,0.93497,0.88608,0.9052,0.79309,0.92178,0.87568,0.90451,0.70895,0.4433,0.63133,0.43498,0.85001,0.000374074,0.000374074,0.000374074
69,324.858,0.45819,0.56162,0.46766,0.86592,0.94615,0.87436,0.90632,0.79661,0.95045,0.87706,0.90563,0.71661,0.45876,0.60837,0.44398,0.8536,0.000363075,0.000363075,0.000363075
70,328.984,0.44811,0.54269,0.45763,0.86366,0.96733,0.88034,0.91023,0.79457,0.95006,0.85758,0.90056,0.73614,0.46463,0.62617,0.44051,0.85324,0.000352076,0.000352076,0.000352076
71,333.133,0.46703,0.54281,0.46993,0.87782,0.97659,0.88107,0.9113,0.79845,0.97196,0.87368,0.91188,0.73877,0.46309,0.65155,0.41793,0.85461,0.000341077,0.000341077,0.000341077
72,338.276,0.45081,0.55446,0.45832,0.86094,0.96268,0.88776,0.90889,0.80177,0.93931,0.86195,0.89801,0.73084,0.44102,0.62918,0.40754,0.85475,0.000330078,0.000330078,0.000330078
73,342.8,0.44015,0.55205,0.4598,0.86196,0.97075,0.89146,0.91058,0.8013,0.95684,0.88018,0.90973,0.75093,0.44886,0.62127,0.40998,0.85518,0.000319079,0.000319079,0.000319079
74,346.469,0.43381,0.52686,0.44995,0.86571,0.95598,0.89416,0.91136,0.80179,0.92381,0.872,0.89174,0.72819,0.4506,0.60885,0.4053,0.85348,0.00030808,0.00030808,0.00030808
75,352.027,0.44697,0.54544,0.45399,0.86988,0.94101,0.89037,0.90539,0.80152,0.95754,0.86054,0.89809,0.7162,0.43383,0.59086,0.40382,0.85068,0.000297081,0.000297081,0.000297081
76,356.979,0.43124,0.54788,0.45221,0.86152,0.93689,0.88596,0.90309,0.79443,0.93974,0.85939,0.89491,0.69808,0.43918,0.59141,0.40967,0.84747,0.000286083,0.000286083,0.000286083
77,361.123,0.42179,0.53026,0.44325,0.85052,0.93528,0.89354,0.89968,0.79178,0.91159,0.86607,0.88731,0.70527,0.45436,0.60135,0.42192,0.85413,0.000275084,0.000275084,0.000275084
78,366.264,0.4471,0.55447,0.45117,0.84945,0.96118,0.87974,0.90017,0.80241,0.94806,0.86617,0.8909,0.70176,0.45156,0.60406,0.41318,0.86033,0.000264085,0.000264085,0.000264085
79,370.788,0.43142,0.54495,0.44419,0.86256,0.95664,0.88875,0.90074,0.80128,0.96947,0.90053,0.91669,0.73984,0.45116,0.6207,0.41197,0.86153,0.000253086,0.000253086,0.000253086
80,374.891,0.43936,0.53937,0.44899,0.86746,0.95217,0.88647,0.90018,0.79267,0.96617,0.89621,0.91726,0.74942,0.44905,0.61426,0.41236,0.86032,0.000242087,0.000242087,0.000242087
81,380.027,0.4246,0.54433,0.43261,0.85188,0.94792,0.88989,0.90283,0.7909,0.9571,0.89905,0.91894,0.74222,0.44776,0.62467,0.40868,0.86277,0.000231088,0.000231088,0.000231088
82,384.434,0.43483,0.53537,0.44399,0.86742,0.95215,0.89167,0.90739,0.80071,0.96797,0.86064,0.90338,0.73343,0.43764,0.63847,0.41436,0.8606,0.000220089,0.000220089,0.000220089
83,388.166,0.41247,0.51281,0.433,0.85621,0.95109,0.89238,0.90737,0.80069,0.92094,0.86784,0.8835,0.70093,0.44349,0.62541,0.41528,0.85904,0.00020909,0.00020909,0.00020909
84,393.041,0.41477,0.52521,0.43223,0.8542,0.95063,0.8908,0.90682,0.79231,0.92919,0.84359,0.8744,0.69948,0.44314,0.61515,0.40661,0.85719,0.000198091,0.000198091,0.000198091
85,397.872,0.41537,0.5151,0.42524,0.8507,0.94817,0.89031,0.90083,0.80158,0.9356,0.84162,0.87525,0.7017,0.42887,0.6179,0.40126,0.85324,0.000187092,0.000187092,0.000187092
86,401.665,0.41527,0.55558,0.42957,0.85991,0.94933,0.8855,0.90372,0.80575,0.93739,0.85052,0.88269,0.69827,0.42145,0.6017,0.39542,0.85204,0.000176094,0.000176094,0.000176094
87,406.532,0.4048,0.51311,0.41962,0.85506,0.95094,0.89503,0.90831,0.80987,0.95622,0.86553,0.8983,0.723,0.41439,0.60625,0.3969,0.848,0.000165095,0.000165095,0.000165095
88,411.675,0.42945,0.5279,0.43312,0.85635,0.94394,0.89498,0.91256,0.81404,0.95491,0.86402,0.91261,0.72153,0.40707,0.61348,0.39259,0.84372,0.000154096,0.000154096,0.000154096
89,415.743,0.39986,0.50623,0.42317,0.84823,0.94738,0.89447,0.91301,0.81905,0.95099,0.86277,0.91202,0.73203,0.41207,0.59286,0.39384,0.84746,0.000143097,0.000143097,0.000143097
90,420.217,0.40432,0.52588,0.41634,0.84352,0.95361,0.89272,0.91067,0.81771,0.9449,0.88383,0.90901,0.74192,0.42274,0.57606,0.39103,0.84963,0.000132098,0.000132098,0.000132098
91,427.647,0.42188,0.53606,0.52341,0.83926,0.94679,0.89442,0.91089,0.81576,0.93208,0.87814,0.90371,0.72664,0.4267,0.58313,0.39862,0.85457,0.000121099,0.000121099,0.000121099
92,433.551,0.39982,0.52521,0.46408,0.84093,0.96651,0.88562,0.91015,0.80842,0.93794,0.85933,0.88723,0.70909,0.42822,0.59916,0.42038,0.85221,0.0001101,0.0001101,0.0001101
93,439.531,0.37783,0.47524,0.44557,0.81745,0.95941,0.88954,0.9063,0.80111,0.95303,0.85909,0.89227,0.71614,0.43323,0.60821,0.45115,0.85198,9.91012e-05,9.91012e-05,9.91012e-05
94,442.804,0.38209,0.47294,0.46251,0.82717,0.9597,0.885,0.9024,0.79645,0.95763,0.86453,0.89613,0.72341,0.43242,0.6069,0.45077,0.84839,8.81023e-05,8.81023e-05,8.81023e-05
95,446.054,0.39115,0.50195,0.4499,0.83277,0.95358,0.87965,0.90346,0.80033,0.97295,0.87018,0.9043,0.7313,0.42692,0.59818,0.43046,0.84648,7.71034e-05,7.71034e-05,7.71034e-05
96,449.823,0.38565,0.47831,0.43901,0.84793,0.95049,0.88679,0.89947,0.80132,0.97998,0.87999,0.91082,0.74174,0.42571,0.58599,0.41621,0.85288,6.61045e-05,6.61045e-05,6.61045e-05
97,453.898,0.37119,0.46265,0.42165,0.83095,0.95236,0.88818,0.90121,0.8031,0.97114,0.87222,0.9025,0.74208,0.4196,0.58403,0.40601,0.8544,5.51056e-05,5.51056e-05,5.51056e-05
98,458.044,0.37116,0.45034,0.42406,0.82833,0.95874,0.89259,0.90881,0.80521,0.97118,0.87231,0.90324,0.73542,0.41737,0.58838,0.4027,0.85361,4.41067e-05,4.41067e-05,4.41067e-05
99,463.002,0.36243,0.47251,0.41931,0.82841,0.96437,0.88797,0.91026,0.81168,0.96804,0.86442,0.89673,0.72881,0.41784,0.59162,0.39757,0.8548,3.31078e-05,3.31078e-05,3.31078e-05
100,467.5,0.37131,0.51272,0.42859,0.8263,0.9616,0.89155,0.91091,0.80808,0.9466,0.87902,0.89786,0.72948,0.41725,0.59544,0.39458,0.85346,2.21089e-05,2.21089e-05,2.21089e-05
